competitor_id,property_name,property_type,market_area,selection_tier,mmt_url,source_platform,source_url_verified,tracking_enabled,similarity_basis,current_rating,review_count,current_price_inr,discount_inr,taxes_inr,available_units,room_types,guest_capacity,breakfast_options,cancellation_policy,amenities,last_verified_at
PRIMARY,ELITE HOTEL,Hotel,"Khandala, Lonavala",primary,https://www.makemytrip.com/hotels/hotel-details/?hotelId=201712071751191534&_uCurrency=INR&checkin=10082026&checkout=10092026&city=CTXLK&country=IN&filterData=MERGE_PROPERTY_TYPE%7CHotel&lat=18.75703&lng=73.3771&locusId=CTXLK&locusType=city&rank=25&regionNearByExp=3&roomStayQualifier=2e0e&rsc=1e2e0e&searchText=Lonavala&mtkeys=undefined,MakeMyTrip,TRUE,TRUE,Primary property selected for examination,,,,,,,,,,,,
C001,Le Tranquil Resort,Resort,Valvan,tier_1_core,https://www.makemytrip.com/hotels/le_tranquil_resort-details-lonavala.html,MakeMyTrip,TRUE,TRUE,"Lonavala/Khandala market; property type, location, price/rating comparability to be evaluated by tracker",,,,,,,,,,,,
C002,Hill Forest Resort,Resort,Gavliwada,tier_1_core,https://www.makemytrip.com/hotels/hill_forest_resort-details-lonavala.html,MakeMyTrip,TRUE,TRUE,"Lonavala/Khandala market; property type, location, price/rating comparability to be evaluated by tracker",,,,,,,,,,,,
C003,Hotel Chandralok Lonavala Pure Veg,Hotel,Rao Colony,tier_1_core,https://www.makemytrip.com/hotels/hotel_chandralok-details-lonavala.html,MakeMyTrip,TRUE,TRUE,"Lonavala/Khandala market; property type, location, price/rating comparability to be evaluated by tracker",,,,,,,,,,,,
C004,HOTEL PLANET FOUR,Hotel,Rao Colony,tier_1_core,https://www.makemytrip.com/hotels/hotel_planet_four-details-lonavala.html,MakeMyTrip,TRUE,TRUE,"Lonavala/Khandala market; property type, location, price/rating comparability to be evaluated by tracker",,,,,,,,,,,,
C005,Ferreira Resort,Resort,Rao Colony,tier_1_core,https://www.makemytrip.com/hotels/ferreira_resort-details-lonavala.html,MakeMyTrip,TRUE,TRUE,"Lonavala/Khandala market; property type, location, price/rating comparability to be evaluated by tracker",,,,,,,,,,,,
C006,Hotel Lonavla,Hotel,Rao Colony,tier_1_core,https://www.makemytrip.com/hotels/hotel_lonavla-details-lonavala.html,MakeMyTrip,TRUE,TRUE,"Lonavala/Khandala market; property type, location, price/rating comparability to be evaluated by tracker",,,,,,,,,,,,
C007,Hotel Rama Krishna,Hotel,Rao Colony,tier_1_core,https://www.makemytrip.com/hotels/hotel_rama_krishna-details-lonavala.html,MakeMyTrip,TRUE,TRUE,"Lonavala/Khandala market; property type, location, price/rating comparability to be evaluated by tracker",,,,,,,,,,,,
C008,"The Hosteller Lonavala, City Centre",Hostel,Tungarli,tier_1_core,https://www.makemytrip.com/hotels/the_hosteller_lonavala_city_centre-details-lonavala.html,MakeMyTrip,TRUE,TRUE,"Lonavala/Khandala market; property type, location, price/rating comparability to be evaluated by tracker",,,,,,,,,,,,
C009,Fariyas Resort,Resort,Arsiwalla Villa / Tungarli,tier_1_core,https://www.makemytrip.com/hotels/fariyas_resort-details-lonavala.html,MakeMyTrip,TRUE,TRUE,"Lonavala/Khandala market; property type, location, price/rating comparability to be evaluated by tracker",,,,,,,,,,,,
C010,Rumourss Sky Villa & Resort,Hotel / Resort,Khondagewadi,tier_1_core,https://www.makemytrip.com/hotels/rumourss_sky_villa_resort-details-lonavala.html,MakeMyTrip,TRUE,TRUE,"Lonavala/Khandala market; property type, location, price/rating comparability to be evaluated by tracker",,,,,,,,,,,,
C011,"Picaddle, The Luxury Boutique Resort Lonavala",Resort,Tungarli,tier_1_core,https://www.makemytrip.com/hotels/picaddle_the_luxury_boutique_resort_lonavala-details-lonavala.html,MakeMyTrip,TRUE,TRUE,"Lonavala/Khandala market; property type, location, price/rating comparability to be evaluated by tracker",,,,,,,,,,,,
C012,Radisson Resort & Spa Lonavala,Resort,Gold Valley,tier_1_core,https://www.makemytrip.com/hotels/radisson_resort_spa_lonavala-details-lonavala.html,MakeMyTrip,TRUE,TRUE,"Lonavala/Khandala market; property type, location, price/rating comparability to be evaluated by tracker",,,,,,,,,,,,
C013,"The Fern An Ecotel Hotel, Lonavala",Hotel,Varsoli,tier_1_core,https://www.makemytrip.com/hotels/the_fern_an_ecotel_hotel_lonavala-details-lonavala.html,MakeMyTrip,TRUE,TRUE,"Lonavala/Khandala market; property type, location, price/rating comparability to be evaluated by tracker",,,,,,,,,,,,
C014,Hotel Matruchhaya,Hotel,Lonavala,tier_1_core,https://www.makemytrip.com/hotels/hotel_matruchhaya-details-lonavala.html,MakeMyTrip,TRUE,TRUE,"Lonavala/Khandala market; property type, location, price/rating comparability to be evaluated by tracker",,,,,,,,,,,,
C015,Retreat Heritage,Hotel,Lonavala,tier_1_core,https://www.makemytrip.com/hotels/retreat_heritage-details-lonavala.html,MakeMyTrip,TRUE,TRUE,"Lonavala/Khandala market; property type, location, price/rating comparability to be evaluated by tracker",,,,,,,,,,,,
C016,Treebo Five Elements With Swimming Pool,Hotel,Lonavala,tier_1_core,https://www.makemytrip.com/hotels/treebo_five_elements_lonavala-details-lonavala.html,MakeMyTrip,TRUE,TRUE,"Lonavala/Khandala market; property type, location, price/rating comparability to be evaluated by tracker",,,,,,,,,,,,
C017,Citrus Hotel Lonavala,Hotel,Lonavala,tier_1_core,https://www.makemytrip.com/hotels/citrus_hotel_lonavala-details-lonavala.html,MakeMyTrip,TRUE,TRUE,"Lonavala/Khandala market; property type, location, price/rating comparability to be evaluated by tracker",,,,,,,,,,,,
C018,Athiva Resort & Spa Khandala (Formerly Dukes Retreat),Resort,Khandala,tier_1_core,https://www.makemytrip.com/hotels/athiva_resort_spa_khandala_formerly_dukes_retreat-details-lonavala.html,MakeMyTrip,TRUE,TRUE,"Lonavala/Khandala market; property type, location, price/rating comparability to be evaluated by tracker",,,,,,,,,,,,
C019,Hotel Misty Meadows,Hotel,Lonavala,tier_1_core,https://www.makemytrip.com/hotels/hotel_misty_meadows-details-lonavala.html,MakeMyTrip,TRUE,TRUE,"Lonavala/Khandala market; property type, location, price/rating comparability to be evaluated by tracker",,,,,,,,,,,,
C020,"7 Apple Resort, Lonavala",Resort,Lonavala,tier_1_core,https://www.makemytrip.com/hotels/7_apple_resort_lonavala-details-lonavala.html,MakeMyTrip,TRUE,TRUE,"Lonavala/Khandala market; property type, location, price/rating comparability to be evaluated by tracker",,,,,,,,,,,,
C021,Sunrise Hill Resort,Resort,Khandala,tier_1_core,https://www.makemytrip.com/hotels/sunrise_hill_resort-details-lonavala.html,MakeMyTrip,TRUE,TRUE,"Lonavala/Khandala market; property type, location, price/rating comparability to be evaluated by tracker",,,,,,,,,,,,
C022,Meritas Adore Resort,Resort,Parsi Colony,tier_1_core,https://www.makemytrip.com/hotels/meritas_adore_resort-details-lonavala.html,MakeMyTrip,TRUE,TRUE,"Lonavala/Khandala market; property type, location, price/rating comparability to be evaluated by tracker",,,,,,,,,,,,
C023,Della Resorts,Resort,Khandala / Kunegaon,tier_1_core,https://www.makemytrip.com/hotels/della_resorts-details-lonavala.html,MakeMyTrip,TRUE,TRUE,"Lonavala/Khandala market; property type, location, price/rating comparability to be evaluated by tracker",,,,,,,,,,,,
C024,The Lagoona Resort (An Eco Friendly Hotel),Resort,Gold Valley,tier_1_core,https://www.makemytrip.com/hotels/the_lagoona_resort_an_eco_friendly_hotel-details-lonavala.html,MakeMyTrip,TRUE,TRUE,"Lonavala/Khandala market; property type, location, price/rating comparability to be evaluated by tracker",,,,,,,,,,,,
C025,"Upper Deck Resort Highest Peak, Lonavala",Resort,Gold Valley / Tungarli,tier_1_core,https://www.makemytrip.com/hotels/upper_deck_resort-details-lonavala.html,MakeMyTrip,TRUE,TRUE,"Lonavala/Khandala market; property type, location, price/rating comparability to be evaluated by tracker",,,,,,,,,,,,
C026,Meritas Aura Resort,Resort,Gold Valley,tier_1_core,https://www.makemytrip.com/hotels/meritas_aura_resort-details-lonavala.html,MakeMyTrip,TRUE,TRUE,"Lonavala/Khandala market; property type, location, price/rating comparability to be evaluated by tracker",,,,,,,,,,,,
C027,Sterling Stolen Heaven Lonavala,Resort,Karla,tier_1_core,https://www.makemytrip.com/hotels/sterling_stolen_heaven_lonavala-details-lonavala.html,MakeMyTrip,TRUE,TRUE,"Lonavala/Khandala market; property type, location, price/rating comparability to be evaluated by tracker",,,,,,,,,,,,
C028,Rhythm Lonavala - An All Suite Resort,Resort,Gavliwada / Tungarli,tier_1_core,https://www.makemytrip.com/hotels/rhythm_lonavala_an_all_suite_resort-details-lonavala.html,MakeMyTrip,TRUE,TRUE,"Lonavala/Khandala market; property type, location, price/rating comparability to be evaluated by tracker",,,,,,,,,,,,
C029,The Chavni,Resort,Lohagad Trek Road / Pavana,tier_2_extended,https://www.makemytrip.com/hotels/the_chavni-details-lonavala.html,MakeMyTrip,TRUE,TRUE,"Lonavala/Khandala market; property type, location, price/rating comparability to be evaluated by tracker",,,,,,,,,,,,
C030,Highland Resort,Resort,Tungarli,tier_1_core,https://www.makemytrip.com/hotels/highland_resort-details-lonavala.html,MakeMyTrip,TRUE,TRUE,"Lonavala/Khandala market; property type, location, price/rating comparability to be evaluated by tracker",,,,,,,,,,,,
C031,AMANZI - THE BOUTIQUE RESORT,Resort,Pawna / Lonavala,tier_2_extended,https://www.makemytrip.com/hotels/amanzi_the_boutique_resort-details-lonavala.html,MakeMyTrip,TRUE,TRUE,"Lonavala/Khandala market; property type, location, price/rating comparability to be evaluated by tracker",,,,,,,,,,,,
C032,SaffronStays Artica,Villa,Lonavala,tier_1_core,https://www.makemytrip.com/hotels/saffronstays_artica-details-lonavala.html,MakeMyTrip,TRUE,TRUE,"Lonavala/Khandala market; property type, location, price/rating comparability to be evaluated by tracker",,,,,,,,,,,,
C033,Enrise by Sayaji Lonavala,Hotel,Lonavala,tier_1_core,https://www.makemytrip.com/hotels/enrise_by_sayaji_lonavala-details-lonavala.html,MakeMyTrip,TRUE,TRUE,"Lonavala/Khandala market; property type, location, price/rating comparability to be evaluated by tracker",,,,,,,,,,,,
C034,Mastiff Grand La Villae Lonavala,Hotel,Lonavala,tier_1_core,https://www.makemytrip.com/hotels/mastiff_grand_la_villae_lonavala-details-lonavala.html,MakeMyTrip,TRUE,TRUE,"Lonavala/Khandala market; property type, location, price/rating comparability to be evaluated by tracker",,,,,,,,,,,,
C035,The Orchid Lonavala,Hotel,Lonavala,tier_1_core,https://www.makemytrip.com/hotels/the_orchid_lonavala-details-lonavala.html,MakeMyTrip,TRUE,TRUE,"Lonavala/Khandala market; property type, location, price/rating comparability to be evaluated by tracker",,,,,,,,,,,,
C036,Fazlani Natures Nest- The Wellness Retreat,Resort / Wellness,Wadgaon / Takawe,tier_3_broader_market,https://www.makemytrip.com/hotels/fazlani_natures_nest_the_wellness_retreat-details-wadgaon.html,MakeMyTrip,TRUE,TRUE,"Lonavala/Khandala market; property type, location, price/rating comparability to be evaluated by tracker",,,,,,,,,,,,
C037,Pool Villa 9 by The Rentalgram | 5BHK Luxury Villa with Private Pool & Jacuzzi | Pet-friendly Villa,Villa,Lonavala,tier_1_core,https://www.makemytrip.com/hotels/pool_villa_9_by_the_rentalgram_5bhk_luxury_villa_with_private_pool_jacuzzi_pet_friendly_villa-details-lonavala.html,MakeMyTrip,TRUE,TRUE,"Lonavala/Khandala market; property type, location, price/rating comparability to be evaluated by tracker",,,,,,,,,,,,
C038,SaffronStays Moira,Villa,Lonavala,tier_1_core,https://www.makemytrip.com/hotels/saffronstays_moira-details-lonavala.html,MakeMyTrip,TRUE,TRUE,"Lonavala/Khandala market; property type, location, price/rating comparability to be evaluated by tracker",,,,,,,,,,,,
C039,Canvas Resort | Luxury Tents & Rooms,Camp / Resort,Lonavala,tier_2_extended,https://www.makemytrip.com/hotels/canvas_resort_luxury_tents_rooms-details-lonavala.html,MakeMyTrip,TRUE,TRUE,"Lonavala/Khandala market; property type, location, price/rating comparability to be evaluated by tracker",,,,,,,,,,,,
C040,Aamby Valley City,Resort,Aamby Valley,tier_3_broader_market,https://www.makemytrip.com/hotels/aamby_valley_city-details-lonavala.html,MakeMyTrip,TRUE,TRUE,"Lonavala/Khandala market; property type, location, price/rating comparability to be evaluated by tracker",,,,,,,,,,,,
C041,SaffronStays Hillside Harriers (Couples),Villa,Atvan,tier_2_extended,https://www.makemytrip.com/hotels/saffronstays_hillside_harriers_couples-details-lonavala.html,MakeMyTrip,TRUE,TRUE,"Lonavala/Khandala market; property type, location, price/rating comparability to be evaluated by tracker",,,,,,,,,,,,
C042,Novotel Imagica Khopoli,Hotel,Khopoli / Sangadewadi,tier_3_broader_market,https://www.makemytrip.com/hotels/novotel_imagica_khopoli-details-khopoli.html,MakeMyTrip,TRUE,TRUE,"Lonavala/Khandala market; property type, location, price/rating comparability to be evaluated by tracker",,,,,,,,,,,,
C043,Voyage Zo Lonavala,Hostel,Malavli,tier_2_extended,https://www.makemytrip.com/hotels/voyage_zo_lonavala-details-lonavala.html,MakeMyTrip,TRUE,TRUE,"Lonavala/Khandala market; property type, location, price/rating comparability to be evaluated by tracker",,,,,,,,,,,,
C044,"The Fern Residency Pune, Vadgaon-Talegaon, Series by Marriott",Hotel,Vadgaon-Talegaon,tier_3_broader_market,https://www.makemytrip.com/hotels/the_fern_residency_vadgaon_talegaon_pune-details-wadgaon.html,MakeMyTrip,TRUE,TRUE,"Lonavala/Khandala market; property type, location, price/rating comparability to be evaluated by tracker",,,,,,,,,,,,
C045,The Arboreal Resort Lonavala,Cottage / Resort,Pawna Lake,tier_2_extended,https://www.makemytrip.com/hotels/the_arboreal_resort_lonavala-details-lonavala.html,MakeMyTrip,TRUE,TRUE,"Lonavala/Khandala market; property type, location, price/rating comparability to be evaluated by tracker",,,,,,,,,,,,
C046,Regenta SGS Greenotel - Lonavala,Hotel,Lonavala,tier_1_core,https://www.makemytrip.com/hotels/regenta_sgs_greenotel_lonavala-details-lonavala.html,MakeMyTrip,TRUE,TRUE,"Lonavala/Khandala market; property type, location, price/rating comparability to be evaluated by tracker",,,,,,,,,,,,
C047,The Metropole by Keyboard Hotels,Hotel,Lonavala,tier_1_core,https://www.makemytrip.com/hotels/the_metropole_by_keyboard_hotels-details-lonavala.html,MakeMyTrip,TRUE,TRUE,"Lonavala/Khandala market; property type, location, price/rating comparability to be evaluated by tracker",,,,,,,,,,,,
C048,The Adarsh,Hotel,Lonavala,tier_1_core,https://www.makemytrip.com/hotels/the_adarsh-details-lonavala.html,MakeMyTrip,TRUE,TRUE,"Lonavala/Khandala market; property type, location, price/rating comparability to be evaluated by tracker",,,,,,,,,,,,
C049,Hill Berry - A SoVo Hotel,Hotel,Varsoli,tier_1_core,https://www.makemytrip.com/hotels/hotel_hillberry-details-lonavala.html,MakeMyTrip,TRUE,TRUE,"Lonavala/Khandala market; property type, location, price/rating comparability to be evaluated by tracker",,,,,,,,,,,,
C050,Solace Forest Villa,Villa,Lonavala,tier_1_core,https://www.makemytrip.com/hotels/solace_forest_villa-details-lonavala.html,MakeMyTrip,TRUE,TRUE,"Lonavala/Khandala market; property type, location, price/rating comparability to be evaluated by tracker",,,,,,,,,,,,
C051,"Hotel Grand Visava, Lonavala",Hotel,Tungarli,tier_1_core,https://www.makemytrip.com/hotels/hotel_grand_visava_lonavala-details-lonavala.html,MakeMyTrip,TRUE,TRUE,"Lonavala/Khandala market; property type, location, price/rating comparability to be evaluated by tracker",,,,,,,,,,,,
C052,"Aureole Mrida, Lonavala",Hotel,Parsi Colony / Tungarli,tier_1_core,https://www.makemytrip.com/hotels/aureole_mrida_lonavala-details-lonavala.html,MakeMyTrip,TRUE,TRUE,"Lonavala/Khandala market; property type, location, price/rating comparability to be evaluated by tracker",,,,,,,,,,,,
C053,Meritas Countryside Resort,Resort,Nangargaon,tier_1_core,https://www.makemytrip.com/hotels/countryside_resort_by_meritas-details-lonavala.html,MakeMyTrip,TRUE,TRUE,"Lonavala/Khandala market; property type, location, price/rating comparability to be evaluated by tracker",,,,,,,,,,,,
